case,subject,view,model,coarse_mm,fine_mm,rmse,relative_l2
valid_1_a_1,valid_1,AP,reference_recipe,0.5,0.25,0.0007578176222902374,0.0030911826323458155
valid_2_a_1,valid_2,AP,reference_recipe,0.5,0.25,0.0003724096303730999,0.0014931183991309313
valid_3_a_1,valid_3,AP,reference_recipe,0.5,0.25,0.000705631596790873,0.002269435017388245
valid_4_a_1,valid_4,AP,reference_recipe,0.5,0.25,0.0003652460298856581,0.0013589487887848074
valid_5_a_1,valid_5,AP,reference_recipe,0.5,0.25,0.0002781041842015802,0.0012255013865443123
valid_6_a_1,valid_6,AP,reference_recipe,0.5,0.25,0.000719036303184968,0.0029076933238329447
valid_7_a_1,valid_7,AP,reference_recipe,0.5,0.25,0.0008454228225614431,0.0034281239734176606
valid_8_a_1,valid_8,AP,reference_recipe,0.5,0.25,6.978325177610179e-05,0.0002940621169958853
valid_9_a_1,valid_9,AP,reference_recipe,0.5,0.25,0.0008740171136476317,0.0028741678126995044
valid_10_a_1,valid_10,AP,reference_recipe,0.5,0.25,0.0010886195034511045,0.004348242584298569
valid_11_a_1,valid_11,AP,reference_recipe,0.5,0.25,0.0010172867223799578,0.0035494620390462616
valid_12_a_1,valid_12,AP,reference_recipe,0.5,0.25,0.0001703008635445709,0.0006165733859836912
valid_13_a_1,valid_13,AP,reference_recipe,0.5,0.25,0.0002797086315330325,0.001294882117119061
valid_14_a_1,valid_14,AP,reference_recipe,0.5,0.25,0.0011305707418407143,0.0035102675907130753
valid_15_a_1,valid_15,AP,reference_recipe,0.5,0.25,0.0005197002570733854,0.0022268685665208714
valid_16_a_1,valid_16,AP,reference_recipe,0.5,0.25,0.0001122186233438585,0.0004188204467517241
valid_17_a_1,valid_17,AP,reference_recipe,0.5,0.25,0.00027983224760206487,0.0009839570171759728
valid_18_a_1,valid_18,AP,reference_recipe,0.5,0.25,0.00011812012922473816,0.0005651633120042703
valid_19_a_1,valid_19,AP,reference_recipe,0.5,0.25,0.00010539109067139908,0.0004925793354252191
valid_20_a_1,valid_20,AP,reference_recipe,0.5,0.25,6.82387023524674e-05,0.00026464525108707007
