case,subject,view,model,ncc,gradient_ncc,mi_nats,shape_ssim,shape_rmse,misposed_ncc,misposed_gradient_ncc,gradient_ncc_gap,default_display_ssim,default_display_rmse,reference_style_display_ssim,reference_style_display_rmse,directory
valid_1_a_1,valid_1,AP,reference_recipe,0.9977321302256502,0.9714988755776567,1.3269607251011006,0.9613368685045669,0.009029665980758144,-0.0869636459977796,-0.0952499113778424,1.066748786955499,0.18523825683853537,0.29471611165845346,0.9523940398308676,0.010908174282050697,valid_1_a_1/AP/reference_recipe
valid_1_a_1,valid_1,AP,stock_hu_mapping,0.8578083707984832,0.6729087958790523,0.745168743482936,0.7765599098032816,0.06894955611189282,-0.08660088582638222,-0.0866476971409417,0.759556493019994,0.5876085621015648,0.19609787148038382,,,valid_1_a_1/AP/stock_hu_mapping
valid_1_a_1,valid_1,LATERAL,reference_recipe,0.9991873931626963,0.9792470140090099,1.7389532447888254,0.9638633473445946,0.006416106667332633,0.19652754382604073,0.07597418066833574,0.9032728333406742,0.4235298572803932,0.2051154713698934,0.9757035552980482,0.013208730456426314,valid_1_a_1/LATERAL/reference_recipe
valid_1_a_1,valid_1,LATERAL,stock_hu_mapping,0.9111811860653889,0.6463305978684135,1.2154075251733267,0.7005182053527786,0.06558552549211225,0.35235650025586623,0.08994721748708817,0.5563833803813254,0.7408001555473213,0.09715960589031175,,,valid_1_a_1/LATERAL/stock_hu_mapping
valid_2_a_1,valid_2,AP,reference_recipe,0.9949072656355666,0.9418055169991518,1.2859379652241727,0.9357897042615108,0.01364323232244324,0.07287470412290359,-0.024684363060302483,0.9664898800594544,0.17777412547010124,0.29102948093259107,0.926368372333821,0.024080790067777438,valid_2_a_1/AP/reference_recipe
valid_2_a_1,valid_2,AP,stock_hu_mapping,0.742349882456287,0.6468146653856592,0.4987207966976067,0.7036565592023245,0.09069080651766531,0.041571987565692,0.03202217126717273,0.6147924941184865,0.5957182430816422,0.17464237097247562,,,valid_2_a_1/AP/stock_hu_mapping
valid_2_a_1,valid_2,LATERAL,reference_recipe,0.9987653627181355,0.9513454094318592,1.7073235287423236,0.952514964604317,0.008265808275474868,0.4350473787736629,0.20611874002292058,0.7452266694089387,0.4092540816089269,0.22139963174812424,0.9639350259862047,0.01580776936711877,valid_2_a_1/LATERAL/reference_recipe
valid_2_a_1,valid_2,LATERAL,stock_hu_mapping,0.8553126202597087,0.5335338573584348,1.0863337069054644,0.6239647336184785,0.08621018994465707,0.5600030822987163,0.1751700848598484,0.3583637724985864,0.6948130433958317,0.10257278177475498,,,valid_2_a_1/LATERAL/stock_hu_mapping
valid_3_a_1,valid_3,AP,reference_recipe,0.9978850990246262,0.9520471852002489,1.4719025184398287,0.9484712601840948,0.011067987202898269,0.0006833165725216037,-0.07872820228961887,1.0307753874898677,0.22047233072346653,0.3287777822982485,0.9351656721162492,0.0188172161458168,valid_3_a_1/AP/reference_recipe
valid_3_a_1,valid_3,AP,stock_hu_mapping,0.8859404603468258,0.5764953685193384,0.8487147647794562,0.7340611102789367,0.07897109716608121,0.06105773393844691,-0.007649425321511649,0.58414479384085,0.5964696663029068,0.20118905636734796,,,valid_3_a_1/AP/stock_hu_mapping
valid_3_a_1,valid_3,LATERAL,reference_recipe,0.9987133019416125,0.9647727860720117,1.816719206046287,0.9744106886714093,0.0055396428747553,0.3426016694195359,0.0933983158975383,0.8713744701744733,0.5096669832924846,0.1608894686257486,0.9769395249051861,0.011538517798947046,valid_3_a_1/LATERAL/reference_recipe
valid_3_a_1,valid_3,LATERAL,stock_hu_mapping,0.8832148183187437,0.5064563973104843,1.040195012576823,0.8025979886178221,0.05122854196422179,0.45660167636109583,0.0623025751931764,0.4441538221173079,0.8085576386648003,0.05726884687090437,,,valid_3_a_1/LATERAL/stock_hu_mapping
valid_4_a_1,valid_4,AP,reference_recipe,0.9977641454321337,0.9496053272047842,1.4601908082464572,0.9438562045683846,0.011173627365601829,0.21652996701774618,-0.018199514454908302,0.9678048416596925,0.17200831781590564,0.3413663694030538,0.9347002039891876,0.012974759916039535,valid_4_a_1/AP/reference_recipe
valid_4_a_1,valid_4,AP,stock_hu_mapping,0.8831920998788945,0.5147030638525892,0.879161542000025,0.7267955737753978,0.07841221481901628,0.13872106036580345,0.03251760991103695,0.48218545394155227,0.5953719309034102,0.20794308019028132,,,valid_4_a_1/AP/stock_hu_mapping
valid_4_a_1,valid_4,LATERAL,reference_recipe,0.9986932280195325,0.9565630621769093,1.6774759999294682,0.942620393754461,0.009228814002490352,0.3863642451520117,0.1054606271727165,0.8511024350041928,0.335546859425182,0.26225698437967043,0.957019885931878,0.00942427792859332,valid_4_a_1/LATERAL/reference_recipe
valid_4_a_1,valid_4,LATERAL,stock_hu_mapping,0.8749823089383953,0.5013289921061244,1.231623824241033,0.6262818579611746,0.08742934805018988,0.5327288190833495,0.14101087205464766,0.3603181200514767,0.6434038258466794,0.1258981279031178,,,valid_4_a_1/LATERAL/stock_hu_mapping
valid_5_a_1,valid_5,AP,reference_recipe,0.9966512496263423,0.9572100550253202,1.3171467891381894,0.9741086605388314,0.009786580578474924,0.123646971482924,0.017968118544717998,0.9392419364806022,0.23365426666687375,0.22458368116449137,0.9671150581176645,0.011967068875017053,valid_5_a_1/AP/reference_recipe
valid_5_a_1,valid_5,AP,stock_hu_mapping,0.7523781821789511,0.35615388424774724,0.5878196314891525,0.7686195469938124,0.07884004327592115,0.16354114734618264,0.007507033733318743,0.3486468505144285,0.7454750764995566,0.09598246680243856,,,valid_5_a_1/AP/stock_hu_mapping
valid_5_a_1,valid_5,LATERAL,reference_recipe,0.9980499532870267,0.9705076720755302,1.5941660758039788,0.9777451744729535,0.008556994901242055,0.3323687675476343,-0.00918415798806873,0.979691830063599,0.33061837632300034,0.1993745579769643,0.9692259344383741,0.029574295956892985,valid_5_a_1/LATERAL/reference_recipe
valid_5_a_1,valid_5,LATERAL,stock_hu_mapping,0.7353492675562384,0.3377873330383652,0.7029208367412783,0.6787064763379939,0.09290211332570915,0.5618854920612626,0.009561083426367223,0.328226249611998,0.6724607899288799,0.10439856525191638,,,valid_5_a_1/LATERAL/stock_hu_mapping
valid_6_a_1,valid_6,AP,reference_recipe,0.9983396793828283,0.9581722859621397,1.3488064402660116,0.9579513917792406,0.009380349046432566,0.019147569740040025,-0.0616295334317848,1.0198018193939244,0.14999335329989705,0.3666911646875855,0.9464225389457616,0.01253981619669745,valid_6_a_1/AP/reference_recipe
valid_6_a_1,valid_6,AP,stock_hu_mapping,0.8793904288331009,0.5210586781858368,0.8094292156943563,0.7757205921277315,0.07753320818062438,0.024540109338056584,0.009506757275703229,0.5115519209101336,0.5550723891441386,0.24857816741390865,,,valid_6_a_1/AP/stock_hu_mapping
valid_6_a_1,valid_6,LATERAL,reference_recipe,0.999104049514083,0.9688813593668627,1.6398785704026944,0.9567341655235562,0.007066882444324866,0.40211923093834623,0.08877644493331284,0.8801049144335499,0.36411542374085676,0.24997153080685888,0.9692054561316533,0.00998923071267913,valid_6_a_1/LATERAL/reference_recipe
valid_6_a_1,valid_6,LATERAL,stock_hu_mapping,0.8982006347331485,0.4497923548670738,1.1039295911854317,0.6572348051510053,0.07340265268699503,0.5167991569689858,0.07535252582818591,0.3744398290388879,0.7205391579087822,0.12111856621768519,,,valid_6_a_1/LATERAL/stock_hu_mapping
valid_7_a_1,valid_7,AP,reference_recipe,0.9978493268140851,0.9641735600544,1.3325087618398115,0.9519444407209096,0.010929818597502857,0.06650713194064785,-0.04661559502080375,1.0107891550752037,0.13296500819942045,0.3802722140073223,0.9411516052564889,0.013990076412837579,valid_7_a_1/AP/reference_recipe
valid_7_a_1,valid_7,AP,stock_hu_mapping,0.8496619827198381,0.5938482705106953,0.770469684103329,0.7243789632313721,0.08792755001204566,0.08359000596835085,-0.04242103543199533,0.6362693059426907,0.48260902353989843,0.27198844430317615,,,valid_7_a_1/AP/stock_hu_mapping
valid_7_a_1,valid_7,LATERAL,reference_recipe,0.9992166618978711,0.9781336213941378,1.6763362830840745,0.9639054854409453,0.006893573491909631,0.4629723152419672,0.160869659572733,0.8172639618214048,0.4597540495097908,0.22679934311515665,0.9738293893146728,0.010596355713051103,valid_7_a_1/LATERAL/reference_recipe
valid_7_a_1,valid_7,LATERAL,stock_hu_mapping,0.9230662647791991,0.5394740338599661,1.23148525409184,0.5975945998655046,0.0670031756502742,0.5783234454138743,0.096929057680815,0.44254497617915106,0.6958426555880947,0.10522160505369418,,,valid_7_a_1/LATERAL/stock_hu_mapping
valid_8_a_1,valid_8,AP,reference_recipe,0.9974010030904503,0.9456133685877387,1.3552321383794905,0.9482100918963747,0.01055446680512842,0.13178993773881426,-0.021372975231111816,0.9669863438188505,0.18204777378385098,0.2951906722760986,0.9395163509822955,0.018867983245202544,valid_8_a_1/AP/reference_recipe
valid_8_a_1,valid_8,AP,stock_hu_mapping,0.8889361293480436,0.5424956752299626,0.96247120370568,0.7217295080073635,0.06709587548787826,0.06368355823485357,-0.03482644829160553,0.5773221235215681,0.5898771329856396,0.18356921907493923,,,valid_8_a_1/AP/stock_hu_mapping
valid_8_a_1,valid_8,LATERAL,reference_recipe,0.9984490079374779,0.965190406355632,1.5921343469771303,0.9378390172772874,0.009630897534792014,0.3111750670477382,0.07521131297474332,0.8899790933808887,0.34203675997144384,0.24972033497101503,0.9555628535286643,0.01972248323526933,valid_8_a_1/LATERAL/reference_recipe
valid_8_a_1,valid_8,LATERAL,stock_hu_mapping,0.9297823340726528,0.5916788542906837,1.278149712667936,0.6381371109804728,0.06367849591426024,0.39966490880829597,0.08598045973546128,0.5056983945552224,0.6371897099580829,0.11566269182256932,,,valid_8_a_1/LATERAL/stock_hu_mapping
valid_9_a_1,valid_9,AP,reference_recipe,0.9979100537924075,0.9520266636018566,1.4781740583000584,0.9530892106779978,0.010169261322698728,-0.012289872280710845,-0.04498334355280732,0.9970100071546639,0.233342016247127,0.30183186994037936,0.9401766957079136,0.014776786690357376,valid_9_a_1/AP/reference_recipe
valid_9_a_1,valid_9,AP,stock_hu_mapping,0.8295021173112294,0.5439702341832521,0.7642491174977456,0.7317982698596365,0.08789412372807466,-0.003024377855638128,-0.04112680998911818,0.5850970441723703,0.6260417816871213,0.17594332140258992,,,valid_9_a_1/AP/stock_hu_mapping
valid_9_a_1,valid_9,LATERAL,reference_recipe,0.9989440651230093,0.9606394461363054,1.8118818712127656,0.9585322925793792,0.007626302022706005,0.6318577322692507,0.17035190838776565,0.7902875377485397,0.3861049986596196,0.2521743828961002,0.9666005705962274,0.011557593531362072,valid_9_a_1/LATERAL/reference_recipe
valid_9_a_1,valid_9,LATERAL,stock_hu_mapping,0.8830174984597092,0.46196135401970667,1.0766943915059601,0.6828526174379399,0.07790812318386969,0.6781995542754424,0.11018228963876611,0.35177906438094053,0.7138129681348616,0.11388532075431704,,,valid_9_a_1/LATERAL/stock_hu_mapping
valid_10_a_1,valid_10,AP,reference_recipe,0.9978145550972738,0.9495365709013506,1.2996237848539998,0.9691884441336387,0.007113903894718777,0.04406826520340653,-0.09085137019485019,1.0403879410962007,0.2715276929063189,0.21881041330523232,0.9617451550394029,0.008247226085901904,valid_10_a_1/AP/reference_recipe
valid_10_a_1,valid_10,AP,stock_hu_mapping,0.7794748002098607,0.5161417671442526,0.6481636405795632,0.8148657638950593,0.067442787129882,0.06069405192845007,-0.06933743447808596,0.5854792016223386,0.7713521305654459,0.10150583064258416,,,valid_10_a_1/AP/stock_hu_mapping
valid_10_a_1,valid_10,LATERAL,reference_recipe,0.9988645390300247,0.9645547623386558,1.6509062949274884,0.9523201508627365,0.007627597253462485,0.3832684130589124,0.0588584469348601,0.9056963154037957,0.3252673620843527,0.2508763167671133,0.9664087773239171,0.010239431780390757,valid_10_a_1/LATERAL/reference_recipe
valid_10_a_1,valid_10,LATERAL,stock_hu_mapping,0.8849885019595148,0.38615345317099525,1.103144541767426,0.6828354489320245,0.07454782028640201,0.5309784565802927,0.02031210871950359,0.36584134445149163,0.7119719513123223,0.11387039402732253,,,valid_10_a_1/LATERAL/stock_hu_mapping
valid_11_a_1,valid_11,AP,reference_recipe,0.9980699980072625,0.9614054213980147,1.4589726542904284,0.9606612395928571,0.009085238674915612,-0.06700862623284018,-0.08783888442950175,1.0492443058275165,0.19617161339343656,0.3251914139297056,0.9524490807598096,0.009747844016925467,valid_11_a_1/AP/reference_recipe
valid_11_a_1,valid_11,AP,stock_hu_mapping,0.9105623986116343,0.5879976215044135,0.9873130834102586,0.7999185934774354,0.060477356235819374,-0.06428753623200749,-0.03993641717042989,0.6279340386748433,0.6098147008561174,0.2096950258488115,,,valid_11_a_1/AP/stock_hu_mapping
valid_11_a_1,valid_11,LATERAL,reference_recipe,0.999038445634786,0.9654250829115127,1.7654619072750999,0.9616179765321524,0.007275943028423561,0.32339893036593126,0.008776224785016284,0.9566488581264965,0.31361825200214294,0.2689259469436221,0.9675619187916076,0.010123305383724138,valid_11_a_1/LATERAL/reference_recipe
valid_11_a_1,valid_11,LATERAL,stock_hu_mapping,0.9292012402602712,0.4999616037591668,1.2924103901402941,0.7596201839874834,0.06133288387765333,0.4280027386572114,0.006086097916402999,0.4938755058427638,0.727199882151016,0.14044200902225573,,,valid_11_a_1/LATERAL/stock_hu_mapping
valid_12_a_1,valid_12,AP,reference_recipe,0.9985132429899818,0.9562633488529246,1.4231204748689321,0.9742089069709599,0.007126422322311169,0.035660291979370054,-0.03584724286680895,0.9921105917197336,0.2483444103213323,0.260029521365372,0.9664651099093499,0.011131948379718981,valid_12_a_1/AP/reference_recipe
valid_12_a_1,valid_12,AP,stock_hu_mapping,0.6917965749107926,0.6482046213034267,0.46591068328898944,0.7638537777128227,0.09440409736563819,0.06403322393202589,-0.010859023210741892,0.6590636445141687,0.7146776290907477,0.1293895054981571,,,valid_12_a_1/AP/stock_hu_mapping
valid_12_a_1,valid_12,LATERAL,reference_recipe,0.9993047809566383,0.9729554288037993,1.8108642730291984,0.9821031101729704,0.005179964098004348,0.30612832669340245,0.0940387255363505,0.8789167032674488,0.3914488626330556,0.20506068645654255,0.981805393588931,0.010322885628584421,valid_12_a_1/LATERAL/reference_recipe
valid_12_a_1,valid_12,LATERAL,stock_hu_mapping,0.8180300719616733,0.5142386373783107,0.9227204361297346,0.7137504387064606,0.07991471602045783,0.4990599308835828,0.07071415428974422,0.44352448308856646,0.7611147575825479,0.08522027352800667,,,valid_12_a_1/LATERAL/stock_hu_mapping
valid_13_a_1,valid_13,AP,reference_recipe,0.9989511545814089,0.973397977497901,1.4193345266738342,0.9682176430407903,0.008105554034298242,0.055863592485883046,-0.04250935444391676,1.0159073319418177,0.18818135141108802,0.3027819232413466,0.9665861151757257,0.010216938811240027,valid_13_a_1/AP/reference_recipe
valid_13_a_1,valid_13,AP,stock_hu_mapping,0.9098144820445115,0.6207708725232051,1.1080397229147867,0.7055135911971022,0.07346658700853045,0.10094393654007223,-0.02510337678009065,0.6458742493032957,0.49942234892979376,0.2370417612542623,,,valid_13_a_1/AP/stock_hu_mapping
valid_13_a_1,valid_13,LATERAL,reference_recipe,0.9993692323447224,0.9829312093386569,1.5930118595405236,0.9686633857276367,0.00540581061835437,0.20397977821745822,0.17076028481556907,0.8121709245230878,0.4522843981665311,0.18712210112404373,0.9851831357008818,0.008628230075413669,valid_13_a_1/LATERAL/reference_recipe
valid_13_a_1,valid_13,LATERAL,stock_hu_mapping,0.9422885580714246,0.704682273165506,1.381238631198526,0.7194543504906247,0.05096446336154139,0.33669762492979016,0.15826609290838997,0.546416180257116,0.7849013416517292,0.11415799434084466,,,valid_13_a_1/LATERAL/stock_hu_mapping
valid_14_a_1,valid_14,AP,reference_recipe,0.9977167391415227,0.9516845768070268,1.4228420399091837,0.9534889882981821,0.010270393446051618,-0.14361398562675692,-0.0418548512532736,0.9935394280603004,0.22025554941287356,0.31945510936131427,0.9433415707947493,0.02501361052422916,valid_14_a_1/AP/reference_recipe
valid_14_a_1,valid_14,AP,stock_hu_mapping,0.8071387535059319,0.6065188875718552,0.5933642189982095,0.7387882565497881,0.08977607111098539,-0.06823726216617332,0.016781373734338564,0.5897375138375167,0.6160543360576172,0.1865585473419099,,,valid_14_a_1/AP/stock_hu_mapping
valid_14_a_1,valid_14,LATERAL,reference_recipe,0.9985222909018447,0.9548368660567768,1.7198964018708451,0.9616976331458981,0.007253104224398455,0.2307932896788822,0.042757586042827374,0.9120792800139493,0.356811990488557,0.24470154748453068,0.9650725659049465,0.013124400162057338,valid_14_a_1/LATERAL/reference_recipe
valid_14_a_1,valid_14,LATERAL,stock_hu_mapping,0.8817974106727582,0.44639788726207247,1.01288365592534,0.7478785092174024,0.06294697649333322,0.32192455509156187,-0.0029039145573833904,0.44930180181945584,0.7530964952938888,0.08891765345103753,,,valid_14_a_1/LATERAL/stock_hu_mapping
valid_15_a_1,valid_15,AP,reference_recipe,0.9977724482387581,0.9626909129499726,1.3505479736465569,0.9591859551031053,0.010065013090294613,0.035345000193769925,-0.06389871712273087,1.0265896300727033,0.16277887738459965,0.31043036930571666,0.9501273677948733,0.015454595840624653,valid_15_a_1/AP/reference_recipe
valid_15_a_1,valid_15,AP,stock_hu_mapping,0.8463779835423042,0.6109660524036984,0.7924804533866598,0.7424685955263626,0.08035528935561616,0.084008528054006,-0.05348041478809124,0.6644464671917897,0.5570764217466703,0.2110955787377861,,,valid_15_a_1/AP/stock_hu_mapping
valid_15_a_1,valid_15,LATERAL,reference_recipe,0.9991049647393095,0.9795574301599768,1.672580936668242,0.9583444714572887,0.007081465866070809,0.2216170711356517,0.11149168331868353,0.8680657468412932,0.4108152578550903,0.21134721795778386,0.9751169923949063,0.010418440677541052,valid_15_a_1/LATERAL/reference_recipe
valid_15_a_1,valid_15,LATERAL,stock_hu_mapping,0.8792358420349305,0.6128579963743828,1.1950173470855097,0.6286350153512482,0.07975262142725906,0.41905373346337477,0.12715412671712567,0.4857038696572571,0.7032089224401438,0.11000034330559445,,,valid_15_a_1/LATERAL/stock_hu_mapping
valid_16_a_1,valid_16,AP,reference_recipe,0.9986100314580114,0.971922656541459,1.4923466488269022,0.9745712062341593,0.007975082872135135,-0.090622479757268,-0.05440316798826873,1.0263258245297278,0.18665530548745027,0.303575097876664,0.9693275799521839,0.00857450779670618,valid_16_a_1/AP/reference_recipe
valid_16_a_1,valid_16,AP,stock_hu_mapping,0.8165949354656257,0.7096422443639486,0.7025906057535296,0.7542558495555791,0.08733803148795911,-0.05679514752244443,-0.025559502223098236,0.7352017465870468,0.5604628750277519,0.20936822602790953,,,valid_16_a_1/AP/stock_hu_mapping
valid_16_a_1,valid_16,LATERAL,reference_recipe,0.9995071944418112,0.9751496978445026,1.8543965118881933,0.9823608838242018,0.00392104956155692,0.07524794521256725,0.05565205435453112,0.9194976434899714,0.5907912416890748,0.13253825378981024,0.9890445793196447,0.004625732169521079,valid_16_a_1/LATERAL/reference_recipe
valid_16_a_1,valid_16,LATERAL,stock_hu_mapping,0.897621830085444,0.5705577716702955,1.2713770788876633,0.7338509415776437,0.05505687562311698,0.23262367049514077,0.08893926044373418,0.48161851122656135,0.813585242884296,0.0590851291026157,,,valid_16_a_1/LATERAL/stock_hu_mapping
valid_17_a_1,valid_17,AP,reference_recipe,0.9983238229358761,0.9874136948334521,1.4136889024524693,0.9935841351680469,0.003998463930591644,-0.05198139663875222,-0.054687912907011194,1.0421016077404632,0.7396527287801313,0.06419087277116668,0.9919767240058454,0.004528122658598086,valid_17_a_1/AP/reference_recipe
valid_17_a_1,valid_17,AP,stock_hu_mapping,0.6976592810014013,0.7210927291210283,0.6627190717628205,0.8704778135389589,0.049496431566765794,0.010982475490136296,-0.05426839640687551,0.7753611255279038,0.6691537699194611,0.09665029664254043,,,valid_17_a_1/AP/stock_hu_mapping
valid_17_a_1,valid_17,LATERAL,reference_recipe,0.9989775865446321,0.9839902813742104,1.7290277677486527,0.984553399564109,0.004113670435441688,0.2732583669464947,0.023276090794880907,0.9607141905793295,0.7314773014000312,0.07948511161226948,0.992105023881791,0.004486197493284886,valid_17_a_1/LATERAL/reference_recipe
valid_17_a_1,valid_17,LATERAL,stock_hu_mapping,0.6965858824336608,0.4489683499510232,0.768266564293164,0.7195904853213655,0.06528570097734339,0.42364824181158034,0.04854814033053708,0.40042020962048613,0.6707536714922032,0.11070519557107657,,,valid_17_a_1/LATERAL/stock_hu_mapping
valid_18_a_1,valid_18,AP,reference_recipe,0.9982126461922382,0.9575408528090671,1.303068050976773,0.960167897896842,0.009931060184847289,-0.008519796000609911,-0.03617727854125344,0.9937181313503205,0.1423841436828777,0.32771697389354526,0.9502383399018987,0.017153352881178717,valid_18_a_1/AP/reference_recipe
valid_18_a_1,valid_18,AP,stock_hu_mapping,0.7984053380641404,0.478622613780841,0.5620834040491862,0.7230498462287531,0.10005822695833262,0.02619728704929096,-0.0036881668739115613,0.4823107806547525,0.5554326479206532,0.21762271235158392,,,valid_18_a_1/AP/stock_hu_mapping
valid_18_a_1,valid_18,LATERAL,reference_recipe,0.9994484342825138,0.9721676233882647,1.6248367232194156,0.9649699929223919,0.005442717048705396,-0.014227897567824813,-0.054517983843216926,1.0266856072314816,0.49203004555464175,0.19041281803436977,0.9829826731923639,0.008614581894072756,valid_18_a_1/LATERAL/reference_recipe
valid_18_a_1,valid_18,LATERAL,stock_hu_mapping,0.8348025943205198,0.39208489958302983,0.9776863736765214,0.5859268028167239,0.09023152653232777,0.23362789331161235,0.0636995828462339,0.32838531673679594,0.6346913750802367,0.10119854572918094,,,valid_18_a_1/LATERAL/stock_hu_mapping
valid_19_a_1,valid_19,AP,reference_recipe,0.9979527984629617,0.9528125461749821,1.2948166436909365,0.9512253478909553,0.010315427625125644,0.10382866674525278,-0.0020616488263351966,0.9548741950013173,0.14033346207002384,0.3290753996317695,0.9386919432019036,0.01744845895064814,valid_19_a_1/AP/reference_recipe
valid_19_a_1,valid_19,AP,stock_hu_mapping,0.7226763188416341,0.46077733116134584,0.4574418259638786,0.7001707575475624,0.11148325615608043,0.08167149950662549,0.08678533781054033,0.3739919933508055,0.5897536676360003,0.1984203748649651,,,valid_19_a_1/AP/stock_hu_mapping
valid_19_a_1,valid_19,LATERAL,reference_recipe,0.9991330833990308,0.9595930868772252,1.5904887665011471,0.9510011603122019,0.007063479965227242,0.563266818642035,0.27626045798740984,0.6833326288898154,0.42431754501289043,0.219595265807496,0.9707576641909614,0.011087083732026435,valid_19_a_1/LATERAL/reference_recipe
valid_19_a_1,valid_19,LATERAL,stock_hu_mapping,0.8197751093933673,0.4256678537415682,1.0591399088943934,0.5716552378210293,0.097168489205963,0.731068611745305,0.26779346009519994,0.15787439364636824,0.6752168942589508,0.10375944177020227,,,valid_19_a_1/LATERAL/stock_hu_mapping
valid_20_a_1,valid_20,AP,reference_recipe,0.9986256119989787,0.9658391628755622,1.3925860990332803,0.9737036827581586,0.0073019716943184005,-0.03489455045011472,-0.053548983200241616,1.0193881460758039,0.19500937378008235,0.3107045787036755,0.9667453707579009,0.009464735736805658,valid_20_a_1/AP/reference_recipe
valid_20_a_1,valid_20,AP,stock_hu_mapping,0.8070043816520992,0.6404990260611257,0.6556249031242714,0.8120560912719985,0.08227598129809525,-0.0013744225206931884,-0.016710472114892648,0.6572094981760184,0.6460629018301846,0.19748126109716957,,,valid_20_a_1/AP/stock_hu_mapping
valid_20_a_1,valid_20,LATERAL,reference_recipe,0.9996593125202305,0.9732720199641849,1.8503327212081286,0.9726509962344975,0.004766462534346624,0.09729937078699522,-0.01121222429952402,0.984484244263709,0.47241099981206547,0.22499482662534767,0.9857388699694154,0.0053848515842894904,valid_20_a_1/LATERAL/reference_recipe
valid_20_a_1,valid_20,LATERAL,stock_hu_mapping,0.8913055025295054,0.38955065040116144,1.2135122064996775,0.6693735546320562,0.08279892808949159,0.32794624275358614,0.03371883340723726,0.3558318169939242,0.7180122322792768,0.11240216191831029,,,valid_20_a_1/LATERAL/stock_hu_mapping
