model,subject,comparisons,matched_beats_misposed,ncc_q25,ncc_median,ncc_q75,gradient_ncc_q25,gradient_ncc_median,gradient_ncc_q75,shape_ssim_q25,shape_ssim_median,shape_ssim_q75,shape_rmse_q25,shape_rmse_median,shape_rmse_q75,misposed_gradient_ncc_q25,misposed_gradient_ncc_median,misposed_gradient_ncc_q75,gradient_ncc_gap_q25,gradient_ncc_gap_median,gradient_ncc_gap_q75,default_display_ssim_q25,default_display_ssim_median,default_display_ssim_q75,default_display_rmse_q25,default_display_rmse_median,default_display_rmse_q75,reference_style_display_ssim_q25,reference_style_display_ssim_median,reference_style_display_ssim_q75,reference_style_display_rmse_q25,reference_style_display_rmse_median,reference_style_display_rmse_q75
reference_recipe,valid_1,2,2,0.9980959459599117,0.9984597616941733,0.9988235774284349,0.973435910185495,0.9753729447933333,0.9773099794011716,0.9619684882145738,0.9626001079245807,0.9632317276345876,0.0070694964956890104,0.007722886324045389,0.008376276152401767,-0.05244388836629787,-0.009637865354753333,0.0331681576567912,0.9441418217443804,0.9850108101480866,1.025879798551793,0.24481115694899983,0.3043840570594643,0.36395695716992876,0.2275156314420334,0.24991579151417342,0.27231595158631344,0.9582214186976628,0.9640487975644578,0.969876176431253,0.0114833133256446,0.012058452369238505,0.01263359141283241
reference_recipe,valid_2,2,2,0.9958717899062088,0.996836314176851,0.9978008384474933,0.9441904901073287,0.9465754632155055,0.9489604363236823,0.9399710193472123,0.9441523344329139,0.9483336495186154,0.009610164287216961,0.010954520298959054,0.012298876310701147,0.033016412710503276,0.09071718848130905,0.14841796425211481,0.8005424720715676,0.8558582747341965,0.9111740773968254,0.23564411450480766,0.29351410353951407,0.3513840925742205,0.23880709404424094,0.25621455634035767,0.27362201863647434,0.9357600357469169,0.9451516991600128,0.9545433625731088,0.017876024542283438,0.019944279717448103,0.02201253489261277
reference_recipe,valid_3,2,2,0.9980921497538727,0.9982992004831193,0.9985062512123659,0.9552285854181896,0.9584099856361303,0.961591385854071,0.9549561173059234,0.9614409744277521,0.9679258315495807,0.0069217289567910425,0.008303815038826785,0.009685901120862527,-0.03569657274282957,0.007335056803959711,0.05036668635074901,0.911224699503322,0.9510749288321705,0.9909251581610191,0.29277099386572103,0.36506965700797556,0.4373683201502301,0.20286154704387357,0.24483362546199855,0.2868057038801235,0.9456091353134835,0.9560525985107177,0.9664960617079519,0.013358192385664484,0.015177866972381923,0.016997541559099362
reference_recipe,valid_4,2,2,0.9979964160789834,0.9982286867258331,0.9984609573726828,0.9513447609478155,0.9530841946908468,0.954823628433878,0.9429293464579419,0.9432382991614228,0.9435472518649037,0.00971501734326822,0.010201220684046091,0.01068742402482396,0.012715520951997898,0.043630556358904095,0.0745455917658103,0.8802780366680677,0.9094536383319427,0.9386292399958176,0.2128929532182247,0.2537775886205438,0.2946622240228629,0.2820343306355163,0.3018116768913621,0.32158902314720794,0.9402801244748602,0.9458600449605328,0.9514399654462055,0.010311898425454874,0.011199518922316427,0.01208713941917798
reference_recipe,valid_5,2,2,0.9970009255415134,0.9973506014566845,0.9977002773718556,0.9605344592878727,0.9638588635504253,0.9671832678129777,0.9750177890223619,0.9759269175058924,0.976836045989423,0.008864391320550273,0.00917178773985849,0.009479184159166706,-0.0023960888548720475,0.004391980278324634,0.011180049411521316,0.9493544098763513,0.9594668832721005,0.9695793566678498,0.2578952940809054,0.28213632149493706,0.30637734890896867,0.20567683877384607,0.21197911957072785,0.2182814003676096,0.967642777197842,0.9681704962780193,0.9686982153581967,0.016368875645486038,0.02077068241595502,0.025172489186424
reference_recipe,valid_6,2,2,0.998530771915642,0.9987218644484557,0.9989129569812694,0.9608495543133204,0.9635268226645012,0.9662040910156819,0.9570384720874773,0.9573427786513984,0.9576470852153195,0.007645249094851791,0.008223615745378715,0.008801982395905641,-0.024028038840510392,0.013573455750764019,0.05117495034203843,0.9150291406736435,0.9499533669137372,0.9848775931538308,0.20352387091013696,0.2570543885203769,0.31058490613061684,0.27915143927704056,0.3083313477472222,0.33751125621740385,0.9521182682422344,0.9578139975387074,0.9635097268351804,0.010626877083683709,0.011264523454688289,0.01190216982569287
reference_recipe,valid_7,2,2,0.9981911605850315,0.9985329943559781,0.9988748281269246,0.9676635753893345,0.971153590724269,0.9746436060592034,0.9549347019009184,0.9579249630809274,0.9609152242609365,0.007902634768307937,0.008911696044706244,0.009920757321104551,0.0052557186275804385,0.05712703227596462,0.10899834592434882,0.8656452601348545,0.9140265584483043,0.962407856761754,0.21466226852701303,0.29635952885460565,0.3780567891821982,0.26516756083819804,0.3035357785612395,0.3419039962842809,0.9493210512710348,0.9574904972855809,0.9656599433001268,0.011444785887997721,0.01229321606294434,0.01314164623789096
reference_recipe,valid_8,2,2,0.9976630043022072,0.9979250055139641,0.998187006725721,0.950507628029712,0.9554018874716854,0.9602961469136587,0.9404317859320592,0.943024554586831,0.9456173232416029,0.009861789852376115,0.010092682169960218,0.01032357448754432,0.002773096820351966,0.026919168871815752,0.051065240923279534,0.9092309059903791,0.9284827185998696,0.94773453120936,0.2220450203307492,0.2620422668776474,0.3020395134245456,0.2610879192972859,0.2724555036235568,0.2838230879498277,0.9435279766188877,0.9475396022554798,0.9515512278920721,0.01908160824271924,0.019295233240235937,0.019508858237752634
reference_recipe,valid_9,2,2,0.998168556625058,0.9984270594577084,0.9986855622903588,0.9541798592354688,0.9563330548690809,0.9584862505026932,0.9544499811533431,0.9558107516286884,0.9571715221040339,0.008262041847704186,0.008897781672702366,0.009533521497700547,0.008850469432335917,0.06268428241747917,0.11651809540262241,0.8419681551000707,0.8936487724516018,0.9453293898031329,0.27153276185025016,0.3097235074533733,0.3479142530564965,0.26458875465717,0.27700312641823976,0.28941749817930956,0.946782664429992,0.9533886331520705,0.959994601874149,0.012362391821110898,0.013167190110859723,0.01397198840060855
reference_recipe,valid_10,2,2,0.9980770510804615,0.9983395470636492,0.998602043046837,0.9532911187606768,0.9570456666200031,0.9608002144793295,0.956537224180462,0.9607542974981875,0.9649713708159131,0.007242327234404704,0.0073707505740906315,0.007499173913776558,-0.05342391591242262,-0.015996461629995046,0.021430992652432528,0.939369221826897,0.9730421282499981,1.0067150346730995,0.28496261020082736,0.29839752749533577,0.31183244478984423,0.22682688917070257,0.2348433650361728,0.24285984090164306,0.9629110606105314,0.96407696618166,0.9652428717527886,0.008745277509524117,0.00924332893314633,0.009741380356768544
reference_recipe,valid_11,2,2,0.9983121099141434,0.9985542218210243,0.9987963337279051,0.9624103367763892,0.9634152521547636,0.9644201675331382,0.9609004238276809,0.9611396080625048,0.9613787922973286,0.007728266940046574,0.008180590851669587,0.0086329147632926,-0.06368510712587223,-0.039531329822242736,-0.015377552518613224,0.9797977200517515,1.0029465819770065,1.0260954439022614,0.22553327304561316,0.25489493269778973,0.28425659234996636,0.282992313690143,0.29705868043666384,0.3111250471831847,0.9562272902677591,0.9600054997757086,0.9637837092836581,0.009841709358625134,0.009935574700324802,0.010029440042024471
reference_recipe,valid_12,2,2,0.9987111274816459,0.9989090119733101,0.9991068964649742,0.9604363688406433,0.964609388828362,0.9687824088160806,0.9761824577714625,0.9781560085719652,0.9801295593724677,0.0056665786540810534,0.006153193210157759,0.006639807766234464,-0.003375750766019092,0.029095741334770775,0.061567233435560635,0.90721517538052,0.9355136474935912,0.9638121196066624,0.28412052339926314,0.31989663647719396,0.3556727495551248,0.2188028951837499,0.23254510391095728,0.24628731263816464,0.9703001808292452,0.9741352517491404,0.9779703226690357,0.01052515131636806,0.010727417004151701,0.010929682691935342
reference_recipe,valid_13,2,2,0.9990556740222373,0.9991601934630656,0.9992647129038941,0.97578128545809,0.978164593418279,0.9805479013784679,0.9683290787125018,0.9684405143842134,0.9685519500559251,0.0060807464723403384,0.006755682326326306,0.007430618180312274,0.010808055370954701,0.06412546518582615,0.11744287500069761,0.8631050263777703,0.9140391282324527,0.9649732300871352,0.2542071130999488,0.3202328747888096,0.38625863647767034,0.21603705665336945,0.2449520121826952,0.2738669677120209,0.9712353703070147,0.9758846254383038,0.9805338805695928,0.009025407259370259,0.009422584443326849,0.009819761627283437
reference_recipe,valid_14,2,2,0.9979181270816032,0.9981195150216837,0.9983209029617642,0.9524726491194643,0.9532607214319018,0.9540487937443393,0.955541149510111,0.95759331072204,0.9596454719339691,0.008007426529811746,0.008761748835225036,0.009516071140638328,-0.020701741929248358,0.0004513673947768859,0.02160447671880213,0.9324443170255371,0.9528093540371249,0.9731743910487126,0.2543946596817944,0.2885337699507153,0.32267288021963614,0.26338993795372656,0.28207832842292246,0.30076671889211837,0.9487743195722986,0.9542070683498479,0.9596398171273972,0.016096702752600292,0.01906900534314325,0.022041307933686204
reference_recipe,valid_15,2,2,0.9981055773638959,0.9984387064890339,0.9987718356141717,0.9669075422524736,0.9711241715549747,0.9753408008574758,0.9585548423687429,0.958765213280197,0.9589755841916512,0.00782735267212676,0.008573239478182712,0.009319126284238663,-0.020051117012377273,0.02379648309797633,0.06764408320832993,0.9076967176491457,0.9473276884569983,0.9869586592648508,0.22478797250222232,0.28679706761984497,0.3488061627374677,0.23611800579476705,0.26088879363175027,0.28565958146873344,0.9563747739448816,0.9626221800948898,0.968869586244898,0.011677479468311953,0.012936518259082853,0.014195557049853752
reference_recipe,valid_16,2,2,0.9988343222039614,0.9990586129499113,0.9992829036958613,0.9727294168672199,0.9735361771929808,0.9743429375187417,0.9765186256316699,0.9784660450291806,0.9804134644266912,0.004934557889201474,0.005948066216846027,0.006961574544490581,-0.02688936240256877,0.0006244431831311931,0.028138248768831156,0.9462046887499105,0.9729117340098496,0.9996187792697887,0.28768928953785644,0.38872327358826253,0.4897572576386687,0.17529746481152367,0.21805667583323712,0.26081588685495055,0.974256829794049,0.9791860796359143,0.9841153294777796,0.005612926076317354,0.00660011998311363,0.007587313889909905
reference_recipe,valid_17,2,2,0.9984872638380651,0.9986507047402541,0.9988141456424431,0.9848461347390208,0.9857019881038313,0.9865578414686417,0.9868110834650935,0.989068767366078,0.9913264512670624,0.004027265556804155,0.004056067183016666,0.004084868809229177,-0.03519691198153817,-0.015705911056065145,0.003785089869407881,0.9810610448696129,1.0014078991598963,1.0217547534501799,0.7335211582450563,0.7355650150900812,0.7376088719351063,0.06801443248144239,0.07183799219171808,0.07566155190199378,0.9920087989748317,0.9920408739438182,0.9920729489128046,0.004496678784613186,0.004507160075941485,0.004517641367269786
reference_recipe,valid_18,2,2,0.998521593214807,0.998830540237376,0.999139487259945,0.9611975454538665,0.9648542380986659,0.9685109307434653,0.9613684216532294,0.9625689454096169,0.9637694691660045,0.006564802832740869,0.007686888616776343,0.008808974400811815,-0.04993280751772605,-0.045347631192235185,-0.04076245486674431,1.0019600003206108,1.010201869290901,1.0184437382611913,0.2297956191508187,0.31720709461875973,0.40461857008670077,0.22473885699916363,0.25906489596395754,0.2933909349287514,0.9584244232245149,0.9666105065471313,0.9747965898697476,0.010749274640849247,0.012883967387625737,0.015018660134402227
reference_recipe,valid_19,2,2,0.998247869696979,0.9985429409309963,0.9988380121650136,0.9545076813505429,0.9562028165261036,0.9578979517016645,0.9510572072068902,0.9511132541015785,0.951169300996267,0.007876466880201842,0.008689453795176444,0.009502440710151043,0.06751887787710106,0.13709940458053732,0.20667993128397358,0.7512180204176908,0.8191034119455664,0.8869888034734419,0.2113294828057405,0.28232550354145713,0.3533215242771738,0.24696529926356436,0.27433533271963273,0.30170536617570115,0.9467083734491681,0.9547248036964325,0.9627412339436969,0.012677427536681862,0.014267771341337287,0.015858115145992713
reference_recipe,valid_20,2,2,0.9988840371292916,0.9991424622596046,0.9994008873899176,0.9676973771477179,0.9695555914198735,0.9714138056920292,0.9729141678654127,0.973177339496328,0.9734405111272433,0.0054003398243395685,0.006034217114332512,0.006668094404325456,-0.04296479347506221,-0.032380603749882816,-0.02179641402470342,0.9932102197167327,1.0019361951697565,1.01066217062278,0.26435978028807816,0.3337101867960739,0.4030605933040697,0.24642226464492964,0.2678497026645116,0.28927714068409355,0.9714937455607795,0.9762421203636582,0.9809904951665368,0.006404822622418533,0.007424793660547574,0.008444764698676617
stock_hu_mapping,valid_1,2,2,0.8711515746152096,0.884494778431936,0.8978379822486624,0.6529751473710732,0.6596196968737329,0.6662642463763926,0.7195286314654044,0.7385390575780302,0.7575494836906559,0.06642653314705739,0.06726754080200253,0.06810854845694768,-0.04249896848393423,0.0016497601730732364,0.045798488830080704,0.6071766585409926,0.6579699367006597,0.7087632148603268,0.6259064604630039,0.6642043588244431,0.7025022571858821,0.12189417228782977,0.1466287386853478,0.1713633050828658,,,,,,
stock_hu_mapping,valid_2,2,2,0.7705905669071424,0.7988312513579978,0.8270719358088532,0.5618540593652409,0.5901742613720471,0.6184944633788532,0.64388769001444,0.6638106464104014,0.683733602806363,0.08733034408790913,0.08845049823116119,0.08957065237441325,0.06780914966534164,0.10359612806351057,0.13938310646167948,0.4224709529035614,0.48657813330853644,0.5506853137135115,0.6204919431601896,0.6452656432387369,0.6700393433172843,0.12059017907418515,0.13860757637361532,0.15662497367304545,,,,,,
stock_hu_mapping,valid_3,2,2,0.8838962288257642,0.8845776393327848,0.8852590498398053,0.5239661401126978,0.5414758829149113,0.5589856257171248,0.751195329863658,0.7683295494483794,0.7854637690331008,0.05816418076468664,0.0650998195651515,0.07203545836561635,0.009838574807160362,0.027326574935832376,0.04481457506450438,0.47915156504819345,0.514149307979079,0.5491470509099645,0.6494916593933802,0.7025136524838536,0.755535645574327,0.09324889924501527,0.12922895161912618,0.16520900399323707,,,,,,
stock_hu_mapping,valid_4,2,2,0.8770347566735202,0.8790872044086449,0.8811396521437697,0.5046725100427406,0.5080160279793569,0.511359545915973,0.6514102869147305,0.6765387158682863,0.701667144821842,0.08066649812680968,0.08292078143460307,0.08517506474239649,0.05964092544693963,0.0867642409828423,0.11388755651874498,0.39078495352399556,0.42125178699651444,0.4517186204690334,0.6073799046392275,0.6193878783750448,0.6313958521108621,0.14640936597490867,0.16692060404669956,0.18743184211849045,,,,,,
stock_hu_mapping,valid_5,2,2,0.7396064962119167,0.7438637248675948,0.7481209535232729,0.34237897084071073,0.34697060864305623,0.35156224644540174,0.7011847440019485,0.7236630116659031,0.7461412793298577,0.08235556078836814,0.08587107830081514,0.08938659581326215,0.008020546156580863,0.008534058579842983,0.009047571003105102,0.3333313998376056,0.33843655006321327,0.34354170028882086,0.6907143615715491,0.7089679332142182,0.7272215048568874,0.09808649141480802,0.10019051602717746,0.10229454063954692,,,,,,
stock_hu_mapping,valid_6,2,2,0.8840929803081128,0.8887955317831246,0.8934980832581366,0.46760893569676454,0.4854255165264553,0.5032420973561461,0.6868562518951868,0.7164776986393684,0.7460991453835499,0.07443529156040236,0.0754679304338097,0.07650056930721705,0.0259681994138239,0.04242964155194457,0.05889108369006524,0.4087178520066993,0.44299587497451076,0.47727389794232217,0.5964390813352995,0.6378057735264604,0.6791724657176212,0.15298346651674105,0.18484836681579692,0.21671326711485278,,,,,,
stock_hu_mapping,valid_7,2,2,0.8680130532346784,0.8863641237495186,0.9047151942643588,0.5530675930226484,0.5666611521853306,0.580254711348013,0.6292906907069714,0.6609867815484383,0.6926828723899052,0.07223426924071706,0.07746536283115993,0.0826964564216028,-0.00758351215379275,0.027254011124409838,0.06209153440261242,0.49097605862003596,0.5394071410609209,0.5878382235018058,0.5359174315519475,0.5892258395639965,0.6425342475760456,0.14691331486606468,0.18860502467843515,0.23029673449080565,,,,,,
stock_hu_mapping,valid_8,2,2,0.8991476805291958,0.9093592317103482,0.9195707828915005,0.5547914699951428,0.5670872647603231,0.5793830595255034,0.6590352102371955,0.6799333094939182,0.7008314087506408,0.06453284080766475,0.06538718570106924,0.06624153059447375,-0.0046247212848388244,0.02557700572192788,0.05577873272869458,0.5236043267968088,0.5415102590383952,0.5594161912799817,0.6017052772287504,0.6135334214718613,0.625361565714972,0.1326393236356618,0.14961595544875428,0.16659258726184675,,,,,,
stock_hu_mapping,valid_9,2,2,0.8428809625983493,0.8562598078854693,0.8696386531725893,0.48246357406059304,0.5029657941014793,0.5234680141423658,0.695089030543364,0.7073254436487881,0.7195618567542124,0.08040462331992093,0.08290112345597217,0.08539762359202342,-0.003299535082147101,0.03452773982482396,0.07235501473179504,0.410108559328798,0.4684380542766554,0.5267675492245129,0.6479845782990564,0.6699273749109915,0.6918701715229265,0.12939982091638524,0.14491432107845348,0.1604288212405217,,,,,,
stock_hu_mapping,valid_10,2,2,0.8058532256472742,0.8322316510846878,0.8586100765221013,0.4186505316643096,0.45114761015762395,0.4836446886509383,0.7158430276727832,0.7488506064135418,0.7818581851543006,0.069219045419012,0.070995303708142,0.07277156199727201,-0.046925048678688575,-0.024512662879291186,-0.0021002770798937975,0.42075080874420334,0.4756602730369151,0.5305697373296269,0.7268169961256032,0.7416620409388841,0.756507085752165,0.10459697148876876,0.10768811233495335,0.11077925318113793,,,,,,
stock_hu_mapping,valid_11,2,2,0.9152221090237935,0.9198818194359528,0.924541529848112,0.5219706081954785,0.5439796126317902,0.5659886170681018,0.7696947863599715,0.7797693887324595,0.7898439911049474,0.06069123814627786,0.06090512005673635,0.061119001967194844,-0.028430788398721665,-0.016925159627013443,-0.005419530855305223,0.5273901390507837,0.5609047722588035,0.5944194054668235,0.6391609961798421,0.6685072915035668,0.6978535868272914,0.15775526322889466,0.17506851743553362,0.19238177164217257,,,,,,
stock_hu_mapping,valid_12,2,2,0.7233549491735127,0.754913323436233,0.7864716976989532,0.5477301333595896,0.5812216293408687,0.6147131253221477,0.7262762734580511,0.7388021082096417,0.7513279429612322,0.08353706135675291,0.087159406693048,0.0907817520293431,0.009534271164379635,0.029927565539501162,0.05032085991462269,0.497409273444967,0.5512940638013676,0.6051788541577681,0.7262869112136978,0.7378961933366478,0.7495054754595978,0.09626258152054427,0.10730488951308187,0.11834719750561948,,,,,,
stock_hu_mapping,valid_13,2,2,0.9179330010512399,0.9260515200579681,0.9341700390646963,0.6417487226837804,0.6627265728443555,0.6837044230049307,0.7089987810204829,0.7124839708438635,0.715969160667244,0.05658999427328865,0.062215525185035925,0.06784105609678319,0.020738990642029505,0.06658135806414966,0.11242372548626982,0.571280697518661,0.5961452147802059,0.6210097320417508,0.5707920971102776,0.6421618452907615,0.7135315934712454,0.14487893606919908,0.17559987779755348,0.2063208195259079,,,,,,
stock_hu_mapping,valid_14,2,2,0.8258034177976384,0.8444680820893451,0.8631327463810516,0.4864281373395182,0.5264583874169638,0.5664886374944096,0.7410608197166917,0.7433333828835953,0.7456059460504988,0.06965425014774626,0.0763615238021593,0.08306879745657235,0.002017407515547098,0.006938729588477587,0.011860051661408076,0.48441072982397104,0.5195196578284863,0.5546285858330015,0.650314875866685,0.684575415675753,0.7188359554848209,0.11332787692375562,0.13773810039647372,0.1621483238691918,,,,,,
stock_hu_mapping,valid_15,2,2,0.8545924481654608,0.8628069127886173,0.871021377411774,0.6114390383963695,0.6119120243890406,0.6123850103817117,0.6570934103950268,0.6855518054388055,0.714010200482584,0.07990328840934834,0.08005395539143761,0.08020462237352688,-0.008321779411787016,0.03683685596451722,0.08199549134082144,0.5303895190408903,0.5750751684245234,0.6197608178081565,0.5936095469200386,0.630142672093407,0.6666757972667754,0.13527415216364236,0.16054796102169028,0.18582176987973817,,,,,,
stock_hu_mapping,valid_16,2,2,0.8368516591205802,0.8571083827755348,0.8773651064304895,0.6053288898437088,0.6401000080171221,0.6748711261905354,0.7389521685721276,0.7440533955666114,0.7491546225610952,0.06312716458932752,0.07119745355553805,0.07926774252174858,0.0030651884436098675,0.031689879110317974,0.06031456977702608,0.5450143200666827,0.6084101289068041,0.6718059377469254,0.623743466991888,0.6870240589560239,0.75030465092016,0.09665590333393916,0.13422667756526263,0.17179745179658606,,,,,,
stock_hu_mapping,valid_17,2,2,0.6968542320755959,0.697122581717531,0.6973909313594662,0.5169994447435244,0.5850305395360258,0.653061634328527,0.7573123173757639,0.7950341494301623,0.8327559814845605,0.05344374891941019,0.05739106627205459,0.06133838362469899,-0.02856426222252236,-0.0028601280381692143,0.022844006146183933,0.49415543859734057,0.587890667574195,0.6816258965510494,0.6695537453126466,0.6699537207058321,0.6703536960990177,0.10016402137467446,0.1036777461068085,0.10719147083894254,,,,,,
stock_hu_mapping,valid_18,2,2,0.8075046521282352,0.8166039661923301,0.825703280256425,0.41371932813248263,0.43535375668193543,0.4569881852313882,0.6202075636697313,0.6544883245227385,0.6887690853757458,0.09268820163882899,0.0951448767453302,0.0976015518518314,0.013158770556124803,0.030005707986161166,0.04685264541619753,0.3668666827162851,0.40534804869577423,0.4438294146752634,0.575247329710549,0.5950620115004449,0.6148766932903408,0.13030458738478168,0.15941062904038245,0.18851667069598319,,,,,,
stock_hu_mapping,valid_19,2,2,0.7469510164795674,0.7712257141175007,0.795500411755434,0.43444522309651257,0.443222592451457,0.45199996180640145,0.6037841177526626,0.6359129976842959,0.6680418776159291,0.10074718094349236,0.10432587268102171,0.10790456441855106,0.13203736838170524,0.17728939895287013,0.22254142952403505,0.21190379357247757,0.2659331934985869,0.3199625934246962,0.611119474291738,0.6324852809474756,0.6538510876032132,0.127424675043893,0.15108990831758368,0.1747551415912744,,,,,,
stock_hu_mapping,valid_20,2,2,0.8280796618714508,0.8491549420908022,0.8702302223101538,0.4522877443161525,0.5150248382311435,0.5777619321461347,0.7050441887920418,0.7407148229520273,0.7763854571120129,0.08240671799594435,0.08253745469379342,0.0826681913916425,-0.004103145734360171,0.008504180646172307,0.021111507026704786,0.43117623728944776,0.5065206575849712,0.5818650778804948,0.6640502344424576,0.6820375670547307,0.7000248996670038,0.1336719367130251,0.15494171150773994,0.17621148630245476,,,,,,
