dataset,subject,view,coarse_mm,fine_mm,rmse,relative_l2
deepfluoro,subject01,000,0.5,0.25,4.6371683498941426e-05,1.455883318642318e-05
deepfluoro,subject02,000,0.5,0.25,0.0015725399167874792,0.0005329076840717026
deepfluoro,subject03,000,0.5,0.25,0.001966087931525729,0.0005339094992396482
deepfluoro,subject04,000,0.5,0.25,4.74162125835357e-05,2.002166596706964e-05
deepfluoro,subject05,000,0.5,0.25,4.798080139967231e-05,1.600261850585182e-05
deepfluoro,subject06,000,0.5,0.25,0.0001011133091571761,4.032718555910637e-05
ljubljana,subject01,frontal,0.5,0.25,4.930951408521591e-05,0.00188017555013502
ljubljana,subject02,frontal,0.5,0.25,6.037591334781217e-05,0.003120836367314411
ljubljana,subject03,frontal,0.5,0.25,0.00010751081954184532,0.0037973206634322656
ljubljana,subject04,frontal,0.5,0.25,6.988166055700268e-05,0.0036286856278612235
ljubljana,subject05,frontal,0.5,0.25,5.325056848612849e-05,0.002471024218004922
ljubljana,subject06,frontal,0.5,0.25,9.660934582767318e-05,0.0023552796577742154
ljubljana,subject07,frontal,0.5,0.25,5.3554598483097535e-05,0.001550075334502393
ljubljana,subject08,frontal,0.5,0.25,0.00011366157890922578,0.0038464294199104876
ljubljana,subject09,frontal,0.5,0.25,0.00010222626947508587,0.004286175936396304
ljubljana,subject10,frontal,0.5,0.25,9.237937733169503e-05,0.0038192364779623313
