dataset,variant,subject,views,aligned_beats_misposed,ncc_q25,ncc_median,ncc_q75,gradient_ncc_q25,gradient_ncc_median,gradient_ncc_q75,shape_ssim_q25,shape_ssim_median,shape_ssim_q75,shape_rmse_q25,shape_rmse_median,shape_rmse_q75,misposed_gradient_ncc_q25,misposed_gradient_ncc_median,misposed_gradient_ncc_q75,gradient_ncc_gap_q25,gradient_ncc_gap_median,gradient_ncc_gap_q75,vessel_roi_ncc_q25,vessel_roi_ncc_median,vessel_roi_ncc_q75,vessel_roi_gradient_ncc_q25,vessel_roi_gradient_ncc_median,vessel_roi_gradient_ncc_q75,fluoro_default_ssim_q25,fluoro_default_ssim_median,fluoro_default_ssim_q75,fluoro_subject_window_ssim_q25,fluoro_subject_window_ssim_median,fluoro_subject_window_ssim_q75
deepfluoro,branch_as_is,subject01,109,109,0.9174233805245844,0.9373740520710617,0.9624389584323635,0.5829609164761079,0.6477674919204482,0.6991724806214434,0.824658233040222,0.8398084598469014,0.8682375924405755,0.04442606038215615,0.056147730911619106,0.06120464698063448,0.06409404693364393,0.07817587193485591,0.09933008454058485,0.48652584298102297,0.5582903768805757,0.6047367215026458,,,,,,,0.9041761002686032,0.9128926522937846,0.9284506793308376,0.6636114569063113,0.6905433678590026,0.7034067604810448
deepfluoro,branch_as_is,subject02,104,104,0.8111909711887155,0.888106063486303,0.9198112656650307,0.5072074016413542,0.5860280730693275,0.6152410551522157,0.7889522753364034,0.8138886442610466,0.856954415050967,0.06544143061553823,0.07208191954054993,0.08943383909331282,0.019040515226899632,0.046548577636455965,0.09353917376431439,0.4159475214111895,0.5241219469925276,0.5614275524548186,,,,,,,0.9047310536224251,0.9113430878114985,0.9251083525615318,0.6218491746778878,0.6575559208077387,0.6980705440800958
deepfluoro,branch_as_is,subject03,24,24,0.9270342776617241,0.932311402276917,0.9384868295456819,0.5806361974533784,0.6924568124225077,0.7079222668942879,0.8622555823690234,0.88378130798507,0.8964002111795025,0.05389046857913741,0.060607057898646,0.06326681455521971,0.04955128544272245,0.07174003967399484,0.08541328401744737,0.48773032138003547,0.6347981812048542,0.6461834132697573,,,,,,,0.9203549064110588,0.9317035074188221,0.937934576120945,0.7837821021366294,0.7996552000639576,0.8059860350579775
deepfluoro,branch_as_is,subject04,46,46,0.922242821421633,0.9429935454796337,0.9568530020412784,0.461857639429703,0.4881923476661315,0.5225516866425832,0.8018775290393496,0.8327159120927264,0.8658594482281029,0.052962076629570254,0.059004589090856464,0.061729754609511696,0.04641752602751477,0.06509730534176307,0.08754724670516133,0.3756737814472185,0.423573614680152,0.457083088710294,,,,,,,0.8848081303002783,0.8915556698381364,0.9032881285053702,0.6575326495110154,0.7075006554772609,0.7486804302669489
deepfluoro,branch_as_is,subject05,55,55,0.9159192478254119,0.9336950936881692,0.9467350949845794,0.5360021255938053,0.6132185555225491,0.6411099984180703,0.8079049154490133,0.8305491555408593,0.8481675069091159,0.05534037080125115,0.059456439994784435,0.06229175830171339,0.02987864581657239,0.04769172956627868,0.06493996203579941,0.5037392433610763,0.5608234201381715,0.5844856036668913,,,,,,,0.8881281265711782,0.8950311076633805,0.9036024718559035,0.734362071153715,0.7579083399378588,0.7704640075013659
deepfluoro,branch_as_is,subject06,24,24,0.9617497282119308,0.9652807603914448,0.9723483045678072,0.5593896554952887,0.6318676944482706,0.6580072780510908,0.769976338540285,0.843466160348897,0.8994033646909291,0.044949228616750256,0.0508897811347305,0.060333837835731534,0.11330395038227223,0.1868681317421222,0.22106892982183649,0.3398960443653597,0.4386896763124282,0.5200413122248431,,,,,,,0.9118200602411676,0.9257185016615634,0.9335083943724172,0.6965585001196275,0.7487332811859104,0.786901176458143
ljubljana,branch_as_is,subject01,2,2,0.10767632358872806,0.1277028504305013,0.14772937727227456,0.11759888170265556,0.1396070657773063,0.16161524985195708,0.48791372931247895,0.495230305779331,0.502546882246183,0.09280115396514312,0.09909771956585967,0.10539428516657623,0.03265504372957245,0.047070062263658924,0.061485080797745395,0.08494383797308311,0.0925370035136474,0.10013016905421168,0.07311783680629642,0.08051869780618034,0.08791955880606427,0.0608233099148386,0.07315596666216269,0.08548862340948679,0.8323603546689443,0.8397425030694671,0.8471246514699898,0.7578339597241404,0.7657452066989234,0.7736564536737066
ljubljana,branch_as_is,subject02,2,2,0.1008435472176686,0.15074200040477576,0.2006404535918829,0.13090002885053845,0.17768395932954928,0.22446788980856008,0.5088821720904019,0.5523589893874725,0.5958358066845433,0.07222054787783116,0.07556972629940995,0.07891890472098871,0.06450896785628953,0.08915062009456076,0.11379227233283198,0.06639106099424892,0.08853333923498852,0.1106756174757281,0.04499687220674593,0.08361372917146823,0.12223058613619053,0.07556334730631376,0.10900156122731978,0.14243977514832581,0.832178719962319,0.8380847784833366,0.8439908370043543,0.717913065887497,0.7418914760932532,0.7658698862990094
ljubljana,branch_as_is,subject03,2,2,0.25208338914874,0.4423564909977784,0.6326295928468167,0.260584884140451,0.42732595678067775,0.5940670294209045,0.6014715654309892,0.6216535808551062,0.6418355962792234,0.055929640235163565,0.06649937420960308,0.0770691081840426,0.06499687755542982,0.09246683244955492,0.11993678734368,0.19558800658502118,0.3348591243311228,0.47413024207722443,0.23393333024909538,0.4351738549909024,0.6364143797327094,0.24318803508723102,0.4156315552371419,0.5880750753870527,0.8299138547475824,0.8333493518085711,0.8367848488695596,0.7441804005490175,0.7909275302638317,0.8376746599786458
ljubljana,branch_as_is,subject04,2,2,0.6224923407850526,0.6773171120057127,0.7321418832263726,0.49448696081906224,0.5227305732301044,0.5509741856411465,0.6266034992164727,0.6365838800316876,0.6465642608469024,0.06133311315906826,0.06303950013939544,0.06474588711972261,0.17137133157845125,0.18898316884594274,0.20659500611343426,0.323115629240611,0.33374740438416167,0.34437917952771235,0.586224868284364,0.650939297082977,0.71565372588159,0.40546854945821564,0.4470438167870351,0.4886190841158545,0.8013202649981283,0.8281708554853382,0.8550214459725483,0.7426356275992503,0.7748360543543414,0.8070364811094326
ljubljana,branch_as_is,subject05,2,2,0.30985741959941965,0.31000713903280297,0.3101568584661863,0.25472568819880026,0.2610388135555708,0.2673519389123413,0.501187258312361,0.55743028986417,0.6136733214159789,0.05693656604843202,0.06130749291890454,0.06567841978937705,0.2100514330003677,0.21780991783911033,0.22556840267785297,0.04178353623448833,0.043228895716460464,0.0446742551984326,0.21648313193123914,0.23539573604153513,0.2543083401518311,0.16003216655764588,0.17198211325785,0.18393205995805417,0.8630767904262804,0.8808271753120784,0.8985775601978766,0.7618475411836708,0.763778973928158,0.765710406672645
ljubljana,branch_as_is,subject06,2,2,0.2416367445014635,0.25804385757181514,0.2744509706421668,0.2660778032206654,0.2712740421863368,0.2764702811520082,0.8444197330776246,0.8451646997941108,0.845909666510597,0.0479439499790693,0.0572794930939033,0.06661503620873732,0.11692660510928515,0.11704730486240761,0.11716800461553008,0.1489097986051353,0.1542267373239292,0.15954367604272307,0.2322614076766987,0.24948414340770675,0.2667068791387148,0.2516590942588671,0.25768322349360284,0.2637073527283386,0.7777736634346395,0.8128623728846263,0.847951082334613,0.5951692651375565,0.6362726252268629,0.6773759853161692
ljubljana,branch_as_is,subject07,2,1,0.20329171894112386,0.24860731634824718,0.2939229137553705,0.15866031998940314,0.16004700564578417,0.16143369130216517,0.524229938330234,0.5608034731271593,0.5973770079240844,0.08431013032034015,0.08629090655413715,0.08827168278793415,0.14892564220552268,0.20342862807939766,0.2579316139532726,-0.09927129396386947,-0.0433816224336135,0.012508049096642479,0.14147903168317955,0.1967412966910697,0.25200356169895993,0.08371437548277977,0.0903431732760363,0.09697197106929285,0.8846531443810529,0.8852121584692259,0.8857711725573989,0.7898473198585002,0.796042420128942,0.8022375203993839
ljubljana,branch_as_is,subject08,2,2,0.42272361287164745,0.5505223549690083,0.6783210970663691,0.36660584586069367,0.49020532392300176,0.6138048019853098,0.5562029232478457,0.5783804342822435,0.6005579453166413,0.06731841450863427,0.07652057183931209,0.08572272916998992,0.150111179294471,0.16526043079559888,0.18040968229672677,0.21649466656622265,0.3249448931274028,0.433395119688583,0.39540424902860205,0.5378323726596902,0.6802604962907783,0.3374134264177195,0.47040099455468654,0.6033885626916536,0.7591877794468028,0.7878980032344285,0.816608227022054,0.6999894180077643,0.7539542143242199,0.8079190106406755
ljubljana,branch_as_is,subject09,2,0,0.06749100823500631,0.08975197389145637,0.11201293954790643,0.10772465895096942,0.12608525971685738,0.14444586048274535,0.44663253499275135,0.4758167683074903,0.5050010016222292,0.08556634640188998,0.09008788650297597,0.09460942660406195,0.20742462243805365,0.2203241867682036,0.2332237510983535,-0.12549909214738408,-0.09423892705134619,-0.0629787619553083,0.0034293559110968592,0.005551689701762182,0.007674023492427504,0.043034793792997586,0.04537982732729508,0.04772486086159257,0.804706331590623,0.826338551022648,0.847970770454673,0.6561631569962343,0.6981237547174823,0.7400843524387304
ljubljana,branch_as_is,subject10,2,0,0.05194985472214746,0.053322121184157044,0.05469438764616663,0.10268441529874044,0.10422999785402587,0.10577558040931131,0.8307323581777656,0.8502103760438948,0.8696883939100242,0.05303101302796403,0.05355084400368164,0.054070674979399255,0.32351944631323554,0.35871231387071073,0.3939051814281859,-0.28812960101887464,-0.25448231601668486,-0.22083503101449511,-0.0016901662042480264,0.013545804487013136,0.0287817751782743,0.02414523627803581,0.038436709770627124,0.052728183263218445,0.7320343905657503,0.7867831903831335,0.8415319902005167,0.6105739809031779,0.6719210913434399,0.733268201783702
ljubljana,horizontal_offset_sign_diagnostic,subject01,2,2,0.8627201416370622,0.8717198188365397,0.8807194960360172,0.7306035094305723,0.7345332734743786,0.738463037518185,0.5789087903228826,0.5954560788347452,0.6120033673466077,0.046844967086159234,0.04847022921654372,0.05009549134692819,0.1487713532612275,0.15515599565004362,0.1615406380388597,0.5690628713917125,0.579377277824335,0.5896916842569575,0.8864450147150704,0.8925486229039861,0.8986522310929018,0.7102862816969912,0.718044582980973,0.7258028842649548,,,,,,
ljubljana,horizontal_offset_sign_diagnostic,subject02,2,2,0.8192628297832054,0.8234636922873335,0.8276645547914616,0.7160401656182573,0.7413746719660497,0.7667091783138419,0.5942681681486013,0.6443970660501912,0.6945259639517811,0.04101236926934653,0.04375298660739185,0.04649360394543717,0.19031255602111286,0.19237873501960312,0.19444491401809338,0.521595251600164,0.5489959369464465,0.576396622292729,0.8495527055294267,0.8509223389868013,0.8522919724441756,0.7033516217188469,0.734839888140499,0.7663281545621512,,,,,,
ljubljana,horizontal_offset_sign_diagnostic,subject03,2,2,0.8325955173648356,0.8378556906648627,0.8431158639648896,0.7193616368319036,0.7386692156058798,0.757976794379856,0.6780574369983088,0.6904400083711697,0.7028225797440306,0.045253389733861296,0.04566371543608142,0.04607404113830155,0.15058277495940153,0.15514413947457317,0.15970550398974484,0.5596561328421588,0.5835250761313067,0.6073940194204545,0.8516266735442797,0.860344815576397,0.8690629576085143,0.733646846115861,0.7490456682885671,0.7644444904612732,,,,,,
ljubljana,horizontal_offset_sign_diagnostic,subject04,2,2,0.8209831827462901,0.8419452665441955,0.862907350342101,0.7739925149055497,0.7756812967775164,0.7773700786494832,0.6999140737323453,0.7199284540363818,0.7399428343404184,0.04600872897408998,0.04681546139825478,0.04762219382241958,0.18264680338659267,0.19851927518306256,0.21439174697953248,0.5596007679260171,0.5771620215944537,0.5947232752628905,0.8379038333510226,0.8551829275766265,0.8724620218022304,0.7520062669497783,0.7543718410222409,0.7567374150947034,,,,,,
ljubljana,horizontal_offset_sign_diagnostic,subject05,2,2,0.8024627563308956,0.8066908893477703,0.8109190223646451,0.687208157335085,0.7019989348901559,0.7167897124452266,0.5739255385234808,0.625487530300996,0.6770495220785112,0.035645868745013624,0.037991698370051924,0.040337527995090224,0.12845119007739428,0.14786930173176854,0.16728741338614284,0.5495022990590839,0.5541296331583873,0.5587569672576906,0.8397956978162294,0.8453947668524403,0.8509938358886512,0.6741997339157104,0.6808054064156903,0.6874110789156701,,,,,,
ljubljana,horizontal_offset_sign_diagnostic,subject06,2,2,0.8474180654701988,0.8741968633554698,0.9009756612407406,0.6780747182515915,0.7426701293592537,0.8072655404669159,0.8932854513409305,0.9011906602944012,0.9090958692478719,0.02456759045624364,0.02607558510609347,0.027583579755943298,0.1690915262262183,0.19106322933691364,0.21303493244760896,0.5089831920253732,0.55160690002234,0.5942306080193069,0.8464893698333429,0.8732615143207181,0.9000336588080932,0.6732001998634739,0.7387390693482616,0.8042779388330492,,,,,,
ljubljana,horizontal_offset_sign_diagnostic,subject07,2,2,0.8048657181989798,0.8451375760165776,0.8854094338341753,0.6866755937118343,0.6982014555634719,0.7097273174151096,0.5787707321307303,0.6271997123648549,0.6756286925989796,0.0406556551300021,0.045016126510594605,0.04937659789118711,0.1745126151252278,0.1752728054836532,0.1760329958420786,0.5121629785866065,0.5229286500798187,0.533694321573031,0.8231665547935619,0.8616392376388811,0.9001119204842001,0.6659732750891519,0.6824086881184601,0.6988441011477682,,,,,,
ljubljana,horizontal_offset_sign_diagnostic,subject08,2,2,0.810974543295387,0.8127329129377823,0.8144912825801777,0.7186211529362814,0.7322902822918138,0.7459594116473461,0.6322377364366365,0.6383675459813698,0.6444973555261031,0.05746799745160445,0.0575452370692765,0.057622476686948546,0.17052452078520292,0.1792112015675364,0.1878978823498699,0.5480966321510785,0.5530790807242774,0.5580615292974762,0.8347215334233831,0.8430897283849508,0.8514579233465186,0.7554973483188272,0.7577236496708752,0.7599499510229233,,,,,,
ljubljana,horizontal_offset_sign_diagnostic,subject09,2,2,0.7939156338127066,0.8134142684447533,0.8329129030768,0.7276858883827593,0.7336158403128274,0.7395457922428956,0.5484561595886359,0.6018906572158935,0.655325154843151,0.05177919500847755,0.05181474801123565,0.05185030101399375,0.09339470251014749,0.09609053761134388,0.09878637271254027,0.6288995156702191,0.6375253027014836,0.6461510897327482,0.8142309737131425,0.8303585067217976,0.8464860397304527,0.7120445091251598,0.712936772536769,0.7138290359483783,,,,,,
ljubljana,horizontal_offset_sign_diagnostic,subject10,2,2,0.8955344882124564,0.900838235329209,0.9061419824459616,0.7581558843558638,0.7987730761222938,0.8393902678887237,0.9004416942740174,0.9172105727587596,0.9339794512435018,0.0224503123431153,0.02326877135531845,0.024087230367521594,0.07391290942587073,0.08039352616285203,0.08687414289983332,0.6842429749299932,0.7183795499594418,0.7525161249888903,0.9010225971573664,0.9049646411643292,0.9089066851712919,0.7549758113900251,0.7958006364054946,0.8366254614209641,,,,,,
